frame,sc_voxels,occ_pct,sc_iou,margin,ssc
0001,5535,76.39,91.04,14.66,58.36
0002,2927,94.26,90.18,-4.08,29.11
0009,25233,17.6,61.06,43.46,40.93
0014,3599,58.04,87.93,29.89,51.14
0015,22439,17.08,60.21,43.13,51.41
0016,16355,46.02,62.68,16.66,40.96
0017,43332,10.4,52.52,42.11,47.1
0018,40076,12.16,67.78,55.62,53.69
0021,37772,9.39,65.35,55.96,38.02
0028,35784,31.44,60.49,29.05,24.68
0029,47337,11.92,77.67,65.74,53.91
0030,37715,16.86,65.62,48.77,48.94
0031,14541,20.68,62.61,41.93,60.99
0032,41433,10.68,63.92,53.24,43.02
0033,563,98.58,96.44,-2.14,52.98
0034,12245,37.21,90.96,53.75,63.71
0035,18949,47.83,69.84,22.01,30.55
0036,25962,35.82,83.03,47.22,39.77
0037,9920,47.89,78.92,31.02,76.44
0038,25413,14.08,78.38,64.31,37.16
0039,8386,49.82,82.76,32.93,53.77
0040,3357,57.79,81.85,24.06,48.57
0041,2376,69.28,77.03,7.75,42.75
0042,781,99.36,93.21,-6.15,28.31
0043,3003,83.48,92.71,9.22,55.32
0046,5133,15.86,88.61,72.75,66.89
0047,25709,8.99,88.88,79.9,62.67
0056,4476,94.79,94.08,-0.72,62.05
0057,2033,74.72,77.43,2.71,41.05
0059,6891,24.58,88.04,63.46,49.37
0060,7254,71.44,82.37,10.94,53.76
0061,4490,66.84,75.26,8.42,44.2
0062,1759,90.45,88.88,-1.57,67.38
0063,2513,91.01,88.8,-2.21,43.68
0076,7183,60.23,87.0,26.77,63.65
0077,3903,67.49,79.26,11.77,53.56
0078,1865,86.54,84.8,-1.74,53.21
0079,4348,81.28,86.44,5.16,58.95
0084,26591,47.17,49.76,2.59,49.88
0085,11807,48.48,57.23,8.75,51.44
0086,24231,43.25,49.04,5.79,51.04
0087,34526,30.37,33.31,2.95,51.42
0088,47923,9.87,62.98,53.11,53.52
0089,35769,18.79,66.07,47.29,53.83
0090,37857,9.88,57.2,47.32,43.39
0091,39943,28.29,50.31,22.02,48.19
0117,12334,42.39,64.96,22.58,53.04
0118,15806,41.37,78.59,37.22,45.35
0119,12458,39.65,70.75,31.11,53.43
0125,8566,57.88,58.99,1.11,45.91
0126,5719,81.54,71.04,-10.5,37.51
0127,2387,100.0,99.87,-0.13,61.82
0128,238,100.0,100.0,0.0,80.42
0129,1060,79.81,83.39,3.58,34.8
0131,3100,99.94,98.26,-1.68,61.12
0132,874,100.0,90.27,-9.73,55.34
0133,598,100.0,94.98,-5.02,48.77
0134,9148,38.43,47.05,8.62,57.4
0137,3325,83.73,92.43,8.7,50.88
0153,5387,41.06,51.18,10.12,49.27
0154,8041,18.08,94.94,76.86,66.62
0155,3502,66.19,78.62,12.43,44.58
0167,7769,27.92,71.5,43.59,54.76
0168,260,100.0,100.0,0.0,63.41
0169,2225,93.3,88.3,-5.01,62.76
0171,15501,44.24,70.27,26.03,43.2
0172,20838,67.89,62.56,-5.32,31.54
0173,19247,43.41,71.26,27.85,44.88
0174,17298,52.85,77.06,24.21,61.81
0175,3831,49.54,79.66,30.12,56.23
0176,2396,87.73,91.87,4.14,61.87
0180,6055,80.13,78.44,-1.69,59.2
0181,3515,73.97,83.37,9.4,44.86
0182,4043,85.7,91.35,5.64,52.12
0183,3501,79.38,82.61,3.24,75.85
0184,662,77.19,85.74,8.55,36.48
0185,9269,19.83,71.67,51.85,60.57
0186,40518,8.46,89.75,81.29,53.22
0187,1235,89.23,87.76,-1.47,43.91
0188,2335,97.52,97.0,-0.51,63.98
0189,2184,78.89,76.03,-2.86,34.25
0190,3362,88.73,90.89,2.16,55.64
0191,4033,46.24,71.44,25.19,32.57
0192,1942,81.36,87.63,6.27,59.57
0193,11015,21.89,81.42,59.53,61.45
0194,1793,87.51,94.03,6.52,63.15
0195,4589,14.06,90.71,76.66,54.17
0196,18904,14.7,76.74,62.04,45.63
0197,658,100.0,67.78,-32.22,32.81
0198,2108,89.18,57.09,-32.09,32.65
0199,7235,59.88,69.72,9.85,43.4
0200,15046,19.38,76.22,56.84,47.15
0201,28200,18.07,83.08,65.0,43.8
0202,11093,46.52,74.03,27.51,53.02
0207,16094,34.76,54.14,19.38,59.46
0208,32211,19.42,53.39,33.98,40.3
0209,3550,82.2,86.43,4.23,66.45
0210,26374,25.56,77.87,52.31,59.4
0211,24726,21.57,80.72,59.15,59.92
0212,16520,25.62,71.42,45.8,39.29
0220,7155,73.43,86.48,13.05,41.99
0221,22689,43.29,79.06,35.78,50.76
0222,11155,46.96,73.87,26.91,37.32
0250,1861,99.84,93.93,-5.91,34.49
0264,4479,68.99,77.89,8.9,55.3
0271,17652,29.27,82.33,53.06,59.62
0272,12247,32.82,78.13,45.31,57.65
0273,11007,33.48,62.82,29.34,41.6
0279,27425,22.55,75.94,53.4,50.74
0280,6180,73.85,85.99,12.14,48.5
0281,7151,75.96,79.74,3.78,38.99
0282,3260,93.56,92.87,-0.69,38.96
0283,2585,92.92,95.36,2.44,36.76
0284,13082,46.97,68.02,21.04,55.74
0285,8297,67.51,72.65,5.15,39.66
0296,17610,37.12,86.8,49.68,60.16
0297,10030,46.61,77.13,30.52,52.53
0298,13161,59.74,84.36,24.61,48.26
0299,13471,39.98,73.26,33.27,54.93
0300,16048,37.35,83.34,45.99,57.19
0301,10584,51.65,78.16,26.51,54.98
0302,19883,51.53,70.63,19.1,48.74
0310,18703,52.52,69.15,16.63,56.13
0311,10205,45.96,80.33,34.37,44.69
0312,11465,58.43,92.57,34.14,67.93
0315,12342,57.49,81.48,23.99,47.6
0316,6985,46.69,84.81,38.13,45.95
0317,8710,47.94,83.61,35.67,49.88
0325,5374,48.7,64.18,15.48,37.23
0326,8540,72.53,63.59,-8.94,33.58
0327,11817,63.11,82.56,19.45,38.29
0328,6699,65.2,87.48,22.28,44.07
0329,6501,53.76,92.02,38.26,50.36
0330,6773,61.3,84.26,22.96,45.84
0331,6801,53.95,90.52,36.57,53.48
0332,18664,54.27,70.57,16.3,42.68
0333,25263,14.09,83.61,69.53,65.53
0334,11616,76.29,68.03,-8.26,48.48
0335,15368,68.5,70.83,2.33,47.52
0351,31745,16.03,85.23,69.2,70.93
0352,10547,75.36,84.45,9.09,41.58
0355,14457,40.02,75.23,35.21,65.49
0356,12915,61.71,75.83,14.12,56.4
0357,12202,75.84,81.56,5.72,52.5
0358,18099,46.41,74.19,27.78,52.02
0359,2693,93.39,95.3,1.91,62.77
0360,3314,60.17,78.42,18.25,50.84
0361,1657,86.96,87.9,0.94,46.02
0362,13741,11.37,72.62,61.26,51.42
0363,17646,63.58,77.05,13.47,58.5
0364,8983,73.98,80.91,6.92,53.42
0384,7212,48.88,69.3,20.42,48.8
0385,1629,39.47,82.03,42.55,78.06
0386,4640,59.46,71.37,11.91,72.28
0387,26073,35.39,68.41,33.02,38.94
0388,10852,64.34,75.44,11.1,53.94
0389,4084,57.15,62.19,5.04,51.62
0390,10070,39.96,59.78,19.82,45.44
0395,6412,48.03,69.47,21.43,54.23
0396,9426,39.9,76.12,36.22,64.74
0397,7991,42.96,69.56,26.6,52.02
0411,33126,29.95,67.72,37.77,58.96
0412,9971,71.27,79.11,7.85,66.9
0413,4564,86.9,97.23,10.33,57.2
0414,29739,15.59,80.0,64.41,56.85
0430,12512,50.08,83.05,32.97,62.1
0431,13282,53.36,89.53,36.17,55.09
0432,21067,49.9,56.56,6.66,38.56
0433,13887,66.47,84.0,17.53,65.25
0434,7212,36.19,88.71,52.52,43.68
0435,11207,50.02,66.41,16.38,55.14
0441,16833,32.41,66.31,33.9,29.77
0442,45492,15.01,80.75,65.74,47.13
0443,23707,16.99,90.68,73.69,46.29
0444,10153,68.76,50.51,-18.24,42.47
0445,19195,35.02,92.56,57.54,70.54
0446,5806,72.3,68.6,-3.7,34.8
0447,4728,57.38,91.27,33.89,77.52
0448,2727,94.76,89.21,-5.55,68.05
0462,4788,79.57,87.95,8.37,56.77
0463,5303,93.06,94.57,1.51,45.05
0464,5683,87.91,91.56,3.64,52.06
0465,8937,53.12,87.13,34.02,62.39
0466,8056,79.12,92.27,13.15,50.36
0469,23461,24.53,58.34,33.81,36.15
0470,15853,38.78,68.18,29.4,50.15
0471,8160,54.95,57.39,2.43,54.42
0472,2371,85.36,85.54,0.18,57.7
0473,19292,18.43,64.58,46.16,64.01
0474,8435,43.92,62.48,18.56,44.48
0475,11897,44.14,57.46,13.32,41.12
0476,7659,36.22,65.17,28.95,40.41
0477,7868,69.28,69.53,0.25,53.18
0508,4556,84.06,96.62,12.56,55.61
0509,6813,78.22,82.32,4.1,59.13
0510,5597,35.11,93.15,58.04,68.2
0511,3744,74.33,82.78,8.45,67.56
0512,2443,97.79,95.56,-2.23,79.86
0513,994,100.0,100.0,0.0,54.95
0515,43573,9.39,72.11,62.73,49.59
0516,8597,62.44,63.7,1.26,56.22
0517,6822,73.69,65.34,-8.35,50.88
0518,2950,84.47,89.77,5.29,54.97
0519,6417,64.47,70.82,6.35,47.93
0520,6866,55.88,77.84,21.96,60.67
0521,6440,36.65,62.38,25.74,50.2
0522,14208,25.95,81.23,55.28,56.5
0523,41946,8.5,86.23,77.73,59.58
0524,5437,90.45,65.31,-25.15,49.55
0525,2012,90.51,89.15,-1.36,43.85
0526,4408,96.73,97.23,0.5,61.26
0531,4806,47.07,78.44,31.37,46.69
0532,5243,45.81,80.88,35.06,39.66
0533,4661,51.9,86.4,34.51,67.13
0537,4984,92.54,97.46,4.92,85.42
0538,7342,91.01,95.85,4.84,79.08
0539,3303,35.0,80.26,45.26,80.61
0549,49185,7.34,96.12,88.78,81.28
0550,7459,57.33,67.09,9.76,59.84
0551,7035,51.19,71.1,19.91,52.09
0555,4664,64.67,75.23,10.56,64.64
0556,3186,58.1,79.28,21.18,53.42
0557,2791,51.99,73.36,21.37,57.2
0558,2252,38.72,67.87,29.15,58.0
0559,6153,73.15,82.85,9.7,68.08
0560,3674,76.59,75.12,-1.47,48.74
0561,3251,67.52,89.63,22.11,62.3
0562,18323,30.98,53.43,22.45,33.97
0563,15665,25.13,66.03,40.9,51.62
0564,15311,24.94,93.19,68.25,74.0
0565,7786,51.37,70.84,19.47,63.5
0566,7202,88.5,81.04,-7.46,59.0
0567,10308,78.15,80.04,1.89,54.57
0568,19261,47.16,84.37,37.2,64.83
0569,8842,78.5,84.19,5.69,45.26
0570,7266,79.11,90.23,11.12,52.68
0571,4436,100.0,97.52,-2.48,51.55
0579,28334,26.42,76.65,50.23,62.86
0580,11144,37.73,64.03,26.3,46.21
0581,8293,37.54,57.7,20.16,46.3
0582,15907,42.31,75.12,32.8,58.32
0583,15597,50.43,68.5,18.07,49.9
0591,6499,61.92,69.64,7.72,53.09
0592,2540,91.06,94.13,3.07,54.59
0593,6330,69.29,82.32,13.03,52.85
0594,23987,21.74,76.66,54.92,47.7
0603,7982,49.51,90.6,41.09,38.2
0604,22437,27.72,49.87,22.15,24.98
0605,26175,17.77,89.94,72.17,53.03
0606,22140,23.99,84.44,60.45,48.26
0607,10838,57.1,78.26,21.17,44.9
0612,7937,75.52,77.14,1.62,60.14
0613,6982,66.81,80.95,14.13,63.29
0617,7990,49.69,70.07,20.39,56.0
0618,17364,25.37,83.83,58.47,64.6
0619,6824,34.23,89.96,55.72,68.31
0620,5868,52.32,81.64,29.33,49.16
0621,2872,81.44,57.99,-23.45,64.97
0633,42804,19.46,76.47,57.01,43.87
0634,6662,49.11,54.82,5.7,42.85
0635,29893,28.91,59.37,30.46,34.68
0636,46607,6.67,75.88,69.21,61.21
0637,3284,45.28,77.33,32.05,62.67
0638,4172,88.81,85.01,-3.8,51.34
0644,5870,62.25,82.2,19.95,65.91
0645,5184,66.94,67.25,0.31,49.59
0650,28121,14.23,76.4,62.16,51.93
0651,4583,28.34,77.3,48.95,30.44
0656,10066,23.31,62.58,39.27,37.58
0657,7279,23.56,86.92,63.36,44.6
0658,340,82.65,80.0,-2.65,33.92
0663,21408,7.74,87.41,79.67,48.89
0664,2189,28.14,75.46,47.32,63.36
0668,30959,21.91,88.35,66.45,63.22
0669,20034,17.76,76.85,59.09,77.22
0670,26735,15.13,52.51,37.38,40.74
0671,32787,14.46,92.97,78.5,76.68
0672,18204,26.86,82.32,55.46,63.61
0673,3717,65.91,83.03,17.12,69.88
0676,5232,24.29,79.22,54.93,46.99
0677,1754,96.18,96.67,0.49,62.42
0678,2279,60.99,81.58,20.59,54.91
0679,15313,9.76,96.51,86.76,74.03
0680,2529,66.11,90.31,24.2,49.92
0681,853,84.17,94.46,10.29,58.02
0686,8148,63.61,77.96,14.35,52.12
0687,35718,22.34,46.61,24.26,42.14
0688,14116,18.25,87.82,69.57,60.8
0689,1738,88.38,76.18,-12.2,48.55
0690,3945,46.49,58.97,12.48,37.75
0693,6832,44.64,80.72,36.07,44.15
0694,887,93.57,90.87,-2.71,64.04
0697,31253,12.9,80.8,67.89,64.85
0698,7020,78.77,61.02,-17.76,48.16
0699,10516,40.31,66.43,26.12,64.11
0706,5291,35.57,75.8,40.23,42.8
0707,3546,60.38,76.54,16.17,47.68
0708,8721,32.7,59.82,27.12,34.79
0709,3851,79.12,89.85,10.73,66.7
0710,6907,20.91,84.1,63.19,81.23
0711,10197,23.0,60.42,37.43,66.95
0712,4573,53.14,96.27,43.14,63.9
0713,752,82.31,99.2,16.88,47.91
0717,5202,32.95,87.16,54.22,76.17
0718,1564,90.22,90.02,-0.2,58.11
0724,27101,17.53,58.53,41.01,49.31
0725,10472,25.95,87.91,61.96,63.8
0726,2005,93.32,86.37,-6.95,80.3
0727,25739,12.44,87.32,74.89,67.28
0728,1581,94.24,95.26,1.02,66.33
0731,20511,12.92,88.97,76.05,61.48
0732,741,92.58,93.33,0.76,70.62
0733,2736,58.92,71.6,12.68,60.54
0734,3452,20.94,56.26,35.32,64.76
0743,14328,21.99,86.07,64.08,68.02
0744,2195,76.54,87.81,11.28,69.09
0759,6310,75.09,58.84,-16.25,49.34
0760,20036,32.49,75.07,42.59,42.2
0761,5727,48.04,61.58,13.54,64.22
0762,15658,67.42,73.77,6.35,45.72
0763,9954,91.78,83.48,-8.3,63.21
0764,19443,74.94,55.36,-19.58,35.5
0765,3330,77.6,98.06,20.46,57.15
0766,14763,75.04,84.05,9.01,70.88
0767,15587,62.89,78.82,15.93,39.81
0768,26589,65.88,80.6,14.72,51.55
0769,11318,82.18,88.62,6.44,40.59
0770,4277,93.15,94.65,1.5,54.64
0771,45251,9.78,93.45,83.67,68.52
0772,22567,44.96,81.36,36.4,35.39
0773,21370,44.89,78.3,33.42,54.75
0774,24815,22.79,81.68,58.89,59.04
0775,5075,88.67,92.13,3.46,65.45
0776,4167,97.48,94.82,-2.66,57.34
0777,46068,15.5,81.76,66.26,41.08
0778,11611,35.79,70.9,35.11,47.0
0779,12380,49.46,88.35,38.89,68.17
0780,14785,66.3,78.9,12.6,46.96
0781,9065,39.25,84.18,44.93,36.7
0782,25210,23.89,88.49,64.6,56.0
0783,22245,57.29,51.13,-6.16,30.95
0784,41081,56.5,74.98,18.48,43.4
0785,38956,28.03,66.08,38.06,24.37
0786,29503,55.31,79.92,24.61,58.75
0787,36371,52.59,68.69,16.09,57.15
0800,4491,79.14,92.38,13.24,67.99
0801,12991,45.04,82.32,37.28,51.16
0802,15970,69.91,77.01,7.09,67.7
0803,30305,51.58,79.68,28.1,45.47
0804,31969,42.95,53.75,10.8,43.76
0810,27507,48.97,56.12,7.15,44.1
0811,21802,55.13,72.96,17.83,61.84
0812,30774,51.39,57.37,5.98,58.34
0813,33270,57.97,60.23,2.26,46.93
0814,21277,62.77,63.29,0.52,45.77
0821,26861,53.77,71.26,17.49,40.29
0822,30694,21.46,57.98,36.52,39.44
0823,9653,46.44,79.08,32.64,74.21
0833,41742,21.03,70.57,49.54,32.1
0834,22582,82.69,58.12,-24.57,36.97
0835,29910,58.67,58.4,-0.27,41.16
0836,32210,33.21,54.47,21.26,26.03
0837,22909,59.44,88.98,29.54,36.04
0838,5386,91.57,98.69,7.12,68.58
0839,27600,50.7,77.16,26.46,48.75
0840,20230,68.35,58.64,-9.71,29.5
0841,18413,36.65,81.45,44.8,35.28
0842,10253,60.3,78.55,18.24,50.94
0843,6209,90.77,84.08,-6.69,69.74
0844,9797,76.17,95.46,19.3,59.17
0845,13664,36.35,76.32,39.97,54.65
0846,1964,99.95,99.08,-0.87,39.89
0850,32153,51.07,83.03,31.96,56.14
0851,21990,54.62,56.64,2.01,43.33
0852,33169,44.23,62.59,18.36,40.49
0857,8866,59.89,87.92,28.03,66.83
0858,23566,49.06,69.23,20.17,37.24
0859,20078,37.84,73.49,35.65,33.66
0860,33784,24.6,56.61,32.01,46.93
0861,21539,21.9,90.21,68.3,45.54
0862,35567,20.14,80.79,60.65,67.92
0869,7906,47.1,69.4,22.3,53.59
0870,13098,76.21,90.19,13.98,54.08
0871,7559,98.43,89.64,-8.79,29.42
0906,25218,66.68,76.3,9.62,53.27
0907,11426,86.81,85.09,-1.72,33.56
0908,21803,41.63,59.27,17.64,37.04
0917,12693,73.37,81.87,8.5,59.54
0918,27279,56.45,60.11,3.67,58.96
0919,28551,17.04,84.34,67.3,64.32
0926,8254,79.92,70.97,-8.96,55.12
0927,30594,18.68,85.03,66.35,59.27
0928,2794,84.57,85.65,1.07,59.83
0932,10266,76.19,71.21,-4.98,40.24
0933,6279,76.92,85.12,8.2,57.7
0934,3429,87.98,93.61,5.62,65.63
0935,3748,85.89,77.01,-8.87,49.76
0945,8676,66.63,70.32,3.69,53.85
0946,5038,58.93,75.34,16.41,60.1
0947,13538,46.79,72.65,25.86,52.27
0959,12538,75.96,88.74,12.78,56.91
0960,13698,50.03,77.4,27.37,49.33
0961,4863,87.27,95.13,7.86,45.24
0962,3505,96.69,97.07,0.38,54.05
0965,7423,83.54,89.4,5.86,56.49
0966,2494,72.37,87.66,15.29,45.51
0967,3591,80.73,82.64,1.91,38.08
0970,5069,87.73,84.78,-2.95,47.58
0971,12280,56.58,69.38,12.8,34.14
0972,17192,71.9,86.61,14.71,62.12
0973,6120,54.74,79.11,24.38,48.52
0974,7168,72.13,85.05,12.92,55.68
0975,4508,85.36,80.76,-4.6,64.86
0976,11669,75.2,90.11,14.91,60.44
0977,13692,90.19,86.33,-3.86,68.09
0991,58272,16.42,72.79,56.38,59.42
0992,11695,64.74,90.42,25.69,60.06
0993,41842,21.99,74.52,52.54,44.3
0994,6566,82.56,92.87,10.31,62.31
0995,5443,62.81,94.78,31.96,55.76
1001,4634,58.2,81.93,23.73,53.28
1002,40487,18.26,90.94,72.68,57.78
1003,18613,8.66,89.24,80.58,72.4
1004,48383,12.28,91.45,79.17,85.99
1010,35193,12.21,74.85,62.63,59.72
1011,23332,17.94,76.09,58.16,43.86
1012,12302,20.67,88.3,67.63,41.43
1021,26102,38.16,63.8,25.64,39.92
1022,28832,31.53,61.62,30.09,47.3
1023,11067,36.69,60.77,24.08,52.03
1032,28245,18.44,83.47,65.04,50.79
1033,3717,72.75,77.22,4.48,52.26
1034,5409,25.24,82.21,56.98,53.11
1038,6207,75.24,88.2,12.97,51.2
1039,7658,93.48,83.74,-9.74,63.1
1048,7449,67.81,71.63,3.82,57.51
1049,11928,78.03,85.9,7.88,47.92
1052,8400,68.77,81.17,12.4,61.75
1053,3044,48.29,63.14,14.85,52.96
1057,6714,77.21,91.49,14.28,55.5
1058,5303,51.97,77.29,25.32,41.55
1075,8991,63.92,79.39,15.47,56.36
1076,12815,76.71,94.69,17.99,74.2
1077,19543,54.58,67.02,12.44,21.97
1078,11729,78.8,71.66,-7.14,35.96
1079,15731,42.96,73.21,30.25,28.14
1080,20634,26.72,78.02,51.3,48.56
1081,21743,48.65,65.94,17.29,45.04
1082,18432,53.22,60.14,6.92,30.86
1083,4550,71.91,76.46,4.54,46.79
1084,12244,65.36,66.27,0.91,32.55
1088,5545,76.63,86.56,9.93,64.99
1089,7797,67.08,82.17,15.1,30.8
1090,3837,78.99,92.52,13.52,36.69
1091,7465,65.13,73.62,8.49,48.83
1092,6819,68.85,72.85,4.0,52.39
1093,4460,65.43,83.34,17.92,52.58
1094,19757,31.06,77.08,46.01,62.42
1095,14538,34.92,85.5,50.58,69.91
1096,5133,82.58,83.39,0.8,81.67
1098,10281,77.27,92.89,15.62,46.3
1099,11275,85.12,90.8,5.68,55.42
1100,7329,74.31,77.49,3.18,49.26
1101,9514,72.95,60.9,-12.05,39.88
1102,4172,84.42,74.58,-9.84,53.75
1103,16220,34.49,75.72,41.23,35.68
1104,10359,72.65,85.25,12.6,60.76
1106,9797,36.36,88.35,51.99,75.13
1107,17397,57.0,77.0,20.0,46.63
1108,13306,57.73,81.72,23.99,53.53
1109,9869,63.57,79.61,16.03,51.87
1117,13103,74.55,81.6,7.05,51.64
1118,4254,84.49,78.69,-5.8,51.53
1119,3337,41.11,82.41,41.3,41.93
1123,4826,73.58,82.54,8.96,69.62
1124,5196,67.84,82.42,14.58,57.15
1125,5056,56.94,82.29,25.35,50.56
1126,3023,67.88,67.93,0.05,55.84
1127,9669,58.61,61.05,2.44,48.75
1128,5470,55.27,70.43,15.17,38.69
1129,8569,62.8,72.9,10.11,57.37
1130,15954,20.17,57.25,37.08,44.17
1131,6027,88.53,89.27,0.74,60.37
1135,3973,87.24,90.05,2.81,46.47
1136,3668,63.58,90.24,26.67,63.74
1144,6697,71.85,73.78,1.92,42.27
1145,25222,36.47,44.74,8.27,22.56
1146,19583,41.2,80.87,39.67,45.23
1147,8770,76.59,79.58,2.99,70.82
1148,7148,79.39,77.83,-1.56,61.76
1149,2933,65.02,81.44,16.42,44.64
1150,15968,70.94,77.74,6.79,51.69
1151,12129,62.74,81.4,18.66,55.18
1152,3276,78.51,82.81,4.3,53.97
1153,4358,91.35,92.34,0.99,48.83
1154,2177,67.98,83.77,15.79,55.96
1155,3767,57.34,86.3,28.96,49.94
1156,5592,55.97,83.59,27.62,40.3
1157,6536,76.06,71.89,-4.16,36.52
1158,3095,76.16,76.35,0.2,70.9
1162,3452,86.3,91.74,5.45,76.91
1163,6166,71.93,76.68,4.75,68.59
1164,1450,85.45,85.66,0.21,70.49
1165,12415,60.46,80.23,19.77,60.41
1166,14003,67.59,80.68,13.09,57.24
1167,5956,78.44,83.62,5.18,73.34
1170,7243,66.3,80.24,13.94,61.76
1171,5325,96.92,88.9,-8.02,50.59
1174,5159,76.78,82.11,5.34,53.69
1175,7677,81.46,91.33,9.87,58.22
1176,3098,82.21,74.07,-8.14,32.8
1179,14608,56.67,78.22,21.54,53.33
1180,15059,27.17,70.99,43.82,40.46
1181,17170,49.88,90.4,40.52,60.42
1182,19399,24.8,80.34,55.54,62.83
1183,6008,88.76,78.11,-10.66,49.71
1184,3309,83.38,80.42,-2.96,64.19
1192,10877,75.9,70.62,-5.28,55.44
1193,8732,64.95,75.53,10.58,63.59
1194,16749,24.41,76.87,52.46,51.81
1195,11249,76.49,74.87,-1.62,60.9
1196,5358,63.76,68.66,4.9,42.88
1201,5018,45.78,64.34,18.57,36.1
1202,4954,81.61,87.81,6.2,67.37
1203,3721,71.75,77.64,5.89,35.46
1204,17948,55.09,82.34,27.25,40.96
1205,19778,56.4,79.89,23.5,42.78
1206,13015,68.11,63.58,-4.53,44.85
1207,19515,38.27,87.88,49.6,63.59
1208,27493,68.77,57.05,-11.72,31.65
1209,5864,85.49,96.65,11.17,60.71
1210,14547,41.11,83.42,42.31,59.63
1211,15887,40.78,87.06,46.27,66.71
1212,9613,87.91,94.05,6.14,39.76
1216,7769,75.12,74.75,-0.36,45.29
1217,7221,73.38,80.04,6.66,36.75
1218,6115,68.75,82.2,13.46,41.51
1219,20315,54.91,74.88,19.98,42.0
1220,29960,31.8,59.85,28.06,49.31
1226,12117,45.32,77.5,32.17,56.11
1227,12818,55.25,80.53,25.28,37.3
1228,13919,37.88,66.2,28.33,58.92
1229,18651,42.13,62.93,20.81,43.93
1230,6703,80.83,90.0,9.17,49.58
1233,10045,51.95,62.46,10.51,46.9
1234,17263,34.18,71.02,36.85,41.66
1235,27945,16.67,65.06,48.39,33.23
1247,18415,49.58,61.31,11.73,42.76
1248,12336,60.35,90.4,30.05,59.19
1249,7636,56.52,80.17,23.65,60.37
1250,8808,77.61,79.82,2.21,66.9
1254,16988,72.04,67.15,-4.89,36.57
1255,33584,22.78,84.44,61.66,60.55
1256,23681,23.13,50.99,27.85,63.78
1257,27865,27.13,65.98,38.85,57.9
1258,25097,62.38,66.98,4.6,42.86
1259,17478,58.08,75.41,17.33,44.69
1260,24494,90.97,80.02,-10.95,53.49
1261,24445,61.33,74.2,12.87,28.35
1262,17893,36.57,60.02,23.45,46.48
1263,20686,59.88,71.04,11.15,37.36
1264,5093,68.39,80.29,11.91,53.08
1265,21644,30.58,78.97,48.4,60.8
1275,26344,28.81,71.66,42.85,30.98
1276,18966,56.27,73.25,16.98,50.09
1277,13777,68.34,82.78,14.44,42.61
1278,14758,55.69,78.06,22.36,43.05
1279,18339,72.04,83.54,11.5,49.33
1280,8219,94.8,87.91,-6.9,46.64
1285,9092,67.75,75.59,7.84,59.98
1286,14268,53.86,86.12,32.26,69.7
1287,17124,47.44,68.34,20.91,46.54
1288,16422,64.35,73.52,9.18,49.36
1289,18764,53.0,74.64,21.64,43.8
1290,18216,52.27,78.98,26.71,58.92
1291,17482,62.64,72.5,9.87,52.14
1292,12166,25.23,64.31,39.08,44.28
1293,42030,21.4,66.96,45.56,56.62
1294,3853,68.62,57.18,-11.44,49.06
1295,43409,45.9,58.68,12.77,51.36
1297,3040,83.26,90.88,7.63,55.43
1298,18305,50.3,73.55,23.24,37.49
1299,11284,56.12,83.46,27.33,43.82
1302,16753,53.86,75.59,21.73,41.69
1303,15185,74.92,74.41,-0.51,50.56
1304,12757,85.91,83.98,-1.94,47.15
1305,21237,42.52,80.37,37.84,46.08
1306,19973,34.41,62.02,27.61,47.93
1307,31859,12.63,93.38,80.75,59.65
1308,14163,87.79,74.51,-13.28,34.84
1314,7014,64.57,87.81,23.24,70.02
1315,22509,25.32,71.39,46.07,40.69
1329,17037,45.27,81.44,36.18,34.48
1330,37428,12.0,95.18,83.17,54.78
1331,18088,67.13,75.39,8.26,32.79
1332,18164,39.45,81.56,42.11,44.65
1335,16905,41.76,78.57,36.81,44.18
1336,21565,32.43,56.06,23.62,39.34
1337,17467,41.16,83.21,42.05,57.21
1338,12267,76.13,78.24,2.11,36.36
1339,31024,43.92,63.49,19.57,50.43
1340,15581,47.15,78.27,31.12,50.43
1347,11250,50.25,70.79,20.54,57.14
1348,2661,83.05,84.68,1.63,41.65
1349,8178,50.97,83.92,32.96,67.71
1353,24298,26.61,60.09,33.49,48.16
1354,31722,19.53,76.55,57.02,52.14
1355,4962,77.13,88.1,10.97,39.56
1356,5986,78.7,92.83,14.13,66.53
1364,31806,40.14,73.84,33.7,50.51
1365,38867,18.79,71.7,52.91,43.22
1368,16844,52.28,79.62,27.34,57.2
1369,32463,32.99,72.36,39.37,47.23
1384,16875,22.52,80.48,57.96,49.98
1385,15834,28.02,71.17,43.15,55.75
1386,20173,23.69,72.62,48.93,64.15
1387,13785,56.61,82.97,26.37,47.66
1388,9365,34.65,51.98,17.33,35.65
1389,41690,20.02,82.63,62.61,51.3
1390,20264,27.81,60.13,32.32,40.65
1391,4389,59.67,91.71,32.03,69.4
1394,26914,29.31,77.05,47.74,52.13
1395,21153,27.16,80.93,53.78,69.38
1396,10784,53.39,75.55,22.16,52.52
1397,28681,31.9,77.05,45.16,59.51
1398,7308,65.59,84.81,19.23,61.55
1399,22849,23.22,47.57,24.35,37.06
1400,23871,34.41,71.11,36.7,48.85
1401,29083,18.62,74.47,55.85,63.26
1407,14487,44.99,78.67,33.68,42.66
1408,15143,38.34,68.49,30.15,57.05
1409,18236,37.01,71.54,34.53,44.52
1410,6509,59.33,79.89,20.56,33.08
1411,3917,78.45,84.72,6.27,59.12
1412,21557,42.2,73.49,31.29,54.62
1413,3175,70.8,86.26,15.45,51.49
1414,3741,56.11,74.29,18.18,27.0
1421,27309,23.56,76.52,52.97,61.61
1422,4145,72.09,88.92,16.84,74.34
1423,4093,83.46,86.59,3.13,80.99
1424,12477,31.44,76.58,45.14,56.87
1430,19697,21.85,85.9,64.05,59.12
1431,14963,29.07,79.54,50.47,64.34
1432,36461,20.9,72.2,51.3,51.36
1433,21594,25.01,60.22,35.21,54.44
1441,32461,27.49,73.0,45.51,57.13
1442,5591,56.16,70.2,14.04,61.0
1443,30980,25.39,63.18,37.78,36.09
1444,6295,75.06,85.86,10.8,29.79
1445,18083,24.42,68.83,44.42,55.1
1446,13890,34.66,57.77,23.11,51.12
1447,31314,32.54,62.11,29.57,49.74
1448,15112,33.85,74.95,41.1,54.86
1449,14821,35.1,67.49,32.39,58.06
